<?xml version="1.0" encoding="UTF-8" standalone="no"?>
<raConfiguration version="6">
  <generalSettings>
    <option key="#Board#" value="board.ra2e1_ek"/>
    <option key="CPU" value="RA2E1"/>
    <option key="#TargetName#" value="R7FA2E1A92DFM"/>
    <option key="#TargetARCHITECTURE#" value="cortex-m23"/>
    <option key="#DeviceCommand#" value="R7FA2E1A9"/>
    <option key="#RTOS#" value="_none"/>
    <option key="#pinconfiguration#" value="R7FA2E1A92DFM.pincfg"/>
    <option key="#FSPVersion#" value="2.3.0"/>
    <option key="#ConfigurationFragments#" value="Renesas##BSP##Board##ra2e1_ek##"/>
    <option key="#SELECTED_TOOLCHAIN#" value="gcc-arm-embedded"/>
    <option key="#ToolchainVersion#" value="9.2.1.20191025"/>
  </generalSettings>
  <raBspConfiguration>
    <config id="config.bsp.ra2e1.R7FA2E1A92DFM">
      <property id="config.bsp.part_number" value="config.bsp.part_number.value"/>
      <property id="config.bsp.rom_size_bytes" value="config.bsp.rom_size_bytes.value"/>
      <property id="config.bsp.ram_size_bytes" value="config.bsp.ram_size_bytes.value"/>
      <property id="config.bsp.data_flash_size_bytes" value="config.bsp.data_flash_size_bytes.value"/>
      <property id="config.bsp.package_style" value="config.bsp.package_style.value"/>
      <property id="config.bsp.package_pins" value="config.bsp.package_pins.value"/>
    </config>
    <config id="config.bsp.ra2e1">
      <property id="config.bsp.series" value="config.bsp.series.value"/>
    </config>
    <config id="config.bsp.ra2e1.fsp">
      <property id="config.bsp.fsp.OFS0.iwdt_start_mode" value="config.bsp.fsp.OFS0.iwdt_start_mode.disabled"/>
      <property id="config.bsp.fsp.OFS0.iwdt_timeout" value="config.bsp.fsp.OFS0.iwdt_timeout.2048"/>
      <property id="config.bsp.fsp.OFS0.iwdt_divisor" value="config.bsp.fsp.OFS0.iwdt_divisor.128"/>
      <property id="config.bsp.fsp.OFS0.iwdt_window_end" value="config.bsp.fsp.OFS0.iwdt_window_end.0"/>
      <property id="config.bsp.fsp.OFS0.iwdt_window_start" value="config.bsp.fsp.OFS0.iwdt_window_start.100"/>
      <property id="config.bsp.fsp.OFS0.iwdt_reset_interrupt" value="config.bsp.fsp.OFS0.iwdt_reset_interrupt.Reset"/>
      <property id="config.bsp.fsp.OFS0.iwdt_stop_control" value="config.bsp.fsp.OFS0.iwdt_stop_control.stops"/>
      <property id="config.bsp.fsp.OFS0.wdt_start_mode" value="config.bsp.fsp.OFS0.wdt_start_mode.register"/>
      <property id="config.bsp.fsp.OFS0.wdt_timeout" value="config.bsp.fsp.OFS0.wdt_timeout.16384"/>
      <property id="config.bsp.fsp.OFS0.wdt_divisor" value="config.bsp.fsp.OFS0.wdt_divisor.128"/>
      <property id="config.bsp.fsp.OFS0.wdt_window_end" value="config.bsp.fsp.OFS0.wdt_window_end.0"/>
      <property id="config.bsp.fsp.OFS0.wdt_window_start" value="config.bsp.fsp.OFS0.wdt_window_start.100"/>
      <property id="config.bsp.fsp.OFS0.wdt_reset_interrupt" value="config.bsp.fsp.OFS0.wdt_reset_interrupt.Reset"/>
      <property id="config.bsp.fsp.OFS0.wdt_stop_control" value="config.bsp.fsp.OFS0.wdt_stop_control.stops"/>
      <property id="config.bsp.fsp.OFS1.internal_clock_supply" value="config.bsp.fsp.OFS1.internal_clock_supply.type_a"/>
      <property id="config.bsp.fsp.OFS1.voltage_detection0.start" value="config.bsp.fsp.OFS1.voltage_detection0.start.disabled"/>
      <property id="config.bsp.fsp.OFS1.voltage_detection0_level" value="config.bsp.fsp.OFS1.voltage_detection0_level.190"/>
      <property id="config.bsp.fsp.OFS1.hoco_osc" value="config.bsp.fsp.OFS1.hoco_osc.enabled"/>
      <property id="config.bsp.low_voltage_mode" value="config.bsp.low_voltage_mode.disabled"/>
      <property id="config.bsp.fsp.mpu_pc0_enable" value="config.bsp.fsp.mpu_pc0_enable.disabled"/>
      <property id="config.bsp.fsp.mpu_pc0_start" value="0x000FFFFC"/>
      <property id="config.bsp.fsp.mpu_pc0_end" value="0x000FFFFF"/>
      <property id="config.bsp.fsp.mpu_pc1_enable" value="config.bsp.fsp.mpu_pc1_enable.disabled"/>
      <property id="config.bsp.fsp.mpu_pc1_start" value="0x000FFFFC"/>
      <property id="config.bsp.fsp.mpu_pc1_end" value="0x000FFFFF"/>
      <property id="config.bsp.fsp.mpu_reg0_enable" value="config.bsp.fsp.mpu_reg0_enable.disabled"/>
      <property id="config.bsp.fsp.mpu_reg0_start" value="0x000FFFFC"/>
      <property id="config.bsp.fsp.mpu_reg0_end" value="0x000FFFFF"/>
      <property id="config.bsp.fsp.mpu_reg1_enable" value="config.bsp.fsp.mpu_reg1_enable.disabled"/>
      <property id="config.bsp.fsp.mpu_reg1_start" value="0x200FFFFC"/>
      <property id="config.bsp.fsp.mpu_reg1_end" value="0x200FFFFF"/>
      <property id="config.bsp.fsp.mpu_reg2_enable" value="config.bsp.fsp.mpu_reg2_enable.disabled"/>
      <property id="config.bsp.fsp.mpu_reg2_start" value="0x407FFFFC"/>
      <property id="config.bsp.fsp.mpu_reg2_end" value="0x407FFFFF"/>
      <property id="config.bsp.fsp.mpu_reg3_enable" value="config.bsp.fsp.mpu_reg3_enable.disabled"/>
      <property id="config.bsp.fsp.mpu_reg3_start" value="0x400DFFFC"/>
      <property id="config.bsp.fsp.mpu_reg3_end" value="0x400DFFFF"/>
      <property id="config.bsp.fsp.mcu.adc.max_freq_hz" value="64000000"/>
      <property id="config.bsp.fsp.mcu.sci_uart.max_baud" value="3333333"/>
      <property id="config.bsp.fsp.mcu.sci_spi.max_bitrate" value="8000000"/>
      <property id="config.bsp.fsp.mcu.spi.max_bitrate" value="16000000"/>
      <property id="config.bsp.common.id_mode" value="config.bsp.common.id_mode.unlocked"/>
      <property id="config.bsp.common.id_code" value="FFFFFFFFFFFFFFFFFFFFFFFFFFFFFFFF"/>
      <property id="config.bsp.common.id1" value=""/>
      <property id="config.bsp.common.id2" value=""/>
      <property id="config.bsp.common.id3" value=""/>
      <property id="config.bsp.common.id4" value=""/>
      <property id="config.bsp.common.id_fixed" value=""/>
    </config>
    <config id="config.bsp.ra">
      <property id="config.bsp.common.main" value="0x400"/>
      <property id="config.bsp.common.heap" value="0"/>
      <property id="config.bsp.common.vcc" value="3300"/>
      <property id="config.bsp.common.checking" value="config.bsp.common.checking.disabled"/>
      <property id="config.bsp.common.assert" value="config.bsp.common.assert.none"/>
      <property id="config.bsp.common.error_log" value="config.bsp.common.error_log.none"/>
      <property id="config.bsp.common.soft_reset" value="config.bsp.common.soft_reset.disabled"/>
      <property id="config.bsp.common.main_osc_populated" value="config.bsp.common.main_osc_populated.enabled"/>
      <property id="config.bsp.common.pfs_protect" value="config.bsp.common.pfs_protect.enabled"/>
      <property id="config.bsp.common.c_runtime_init" value="config.bsp.common.c_runtime_init.enabled"/>
      <property id="config.bsp.common.main_osc_wait" value="config.bsp.common.main_osc_wait.wait_8163"/>
      <property id="config.bsp.common.main_osc_clock_source" value="config.bsp.common.main_osc_clock_source.crystal"/>
      <property id="config.bsp.common.subclock_populated" value="config.bsp.common.subclock_populated.enabled"/>
      <property id="config.bsp.common.subclock_drive" value="config.bsp.common.subclock_drive.standard"/>
      <property id="config.bsp.common.subclock_stabilization_ms" value="1000"/>
    </config>
  </raBspConfiguration>
  <raClockConfiguration>
    <node id="board.clock.xtal.freq" mul="16000000" option="_edit"/>
    <node id="board.clock.hoco.freq" option="board.clock.hoco.freq.24m"/>
    <node id="board.clock.loco.freq" option="board.clock.loco.freq.32768"/>
    <node id="board.clock.moco.freq" option="board.clock.moco.freq.8m"/>
    <node id="board.clock.subclk.freq" option="board.clock.subclk.freq.32768"/>
    <node id="board.clock.clock.source" option="board.clock.clock.source.hoco"/>
    <node id="board.clock.iclk.div" option="board.clock.iclk.div.1"/>
    <node id="board.clock.iclk.display" option="board.clock.iclk.display.value"/>
    <node id="board.clock.pclkb.div" option="board.clock.pclkb.div.1"/>
    <node id="board.clock.pclkb.display" option="board.clock.pclkb.display.value"/>
    <node id="board.clock.pclkd.div" option="board.clock.pclkd.div.1"/>
    <node id="board.clock.pclkd.display" option="board.clock.pclkd.display.value"/>
    <node id="board.clock.clkout.source" option="board.clock.clkout.source.hoco"/>
    <node id="board.clock.clkout.div" option="board.clock.clkout.div.8"/>
    <node id="board.clock.clkout.display" option="board.clock.clkout.display.value"/>
  </raClockConfiguration>
  <raComponentSelection>
    <component apiversion="" class="BSP" condition="" group="ra2e1" subgroup="device" variant="R7FA2E1A92DFM" vendor="Renesas" version="2.3.0">
      <description>Board support package for R7FA2E1A92DFM</description>
      <originalPack>Renesas.RA_mcu_ra2e1.2.3.0.pack</originalPack>
    </component>
    <component apiversion="" class="BSP" condition="" group="ra2e1" subgroup="device" variant="" vendor="Renesas" version="2.3.0">
      <description>Board support package for RA2E1</description>
      <originalPack>Renesas.RA_mcu_ra2e1.2.3.0.pack</originalPack>
    </component>
    <component apiversion="" class="BSP" condition="" group="ra2e1" subgroup="fsp" variant="" vendor="Renesas" version="2.3.0">
      <description>Board support package for RA2E1 - FSP Data</description>
      <originalPack>Renesas.RA_mcu_ra2e1.2.3.0.pack</originalPack>
    </component>
    <component apiversion="" class="CMSIS" condition="" group="CMSIS5" subgroup="CoreM" variant="" vendor="Arm" version="5.7.0+fsp.2.3.0">
      <description>Arm CMSIS Version 5 - Core (M)</description>
      <originalPack>Arm.CMSIS5.5.7.0+fsp.2.3.0.pack</originalPack>
    </component>
    <component apiversion="" class="BSP" condition="" group="Board" subgroup="ra2e1_ek" variant="" vendor="Renesas" version="2.3.0">
      <description>RA2E1-EK Board Support Files</description>
      <originalPack>Renesas.RA_board_ra2e1_ek.2.3.0.pack</originalPack>
    </component>
    <component apiversion="" class="Common" condition="" group="all" subgroup="fsp_common" variant="" vendor="Renesas" version="2.3.0">
      <description>Board Support Package Common Files</description>
      <originalPack>Renesas.RA.2.3.0.pack</originalPack>
    </component>
    <component apiversion="" class="HAL Drivers" condition="" group="all" subgroup="r_adc" variant="" vendor="Renesas" version="2.3.0">
      <description>A/D Converter</description>
      <originalPack>Renesas.RA.2.3.0.pack</originalPack>
    </component>
    <component apiversion="" class="HAL Drivers" condition="" group="all" subgroup="r_agt" variant="" vendor="Renesas" version="2.3.0">
      <description>Asynchronous General Purpose Timer</description>
      <originalPack>Renesas.RA.2.3.0.pack</originalPack>
    </component>
    <component apiversion="" class="HAL Drivers" condition="" group="all" subgroup="r_doc" variant="" vendor="Renesas" version="2.3.0">
      <description>Data Operation Circuit</description>
      <originalPack>Renesas.RA.2.3.0.pack</originalPack>
    </component>
    <component apiversion="" class="HAL Drivers" condition="" group="all" subgroup="r_dtc" variant="" vendor="Renesas" version="2.3.0">
      <description>Data Transfer Controller</description>
      <originalPack>Renesas.RA.2.3.0.pack</originalPack>
    </component>
    <component apiversion="" class="HAL Drivers" condition="" group="all" subgroup="r_elc" variant="" vendor="Renesas" version="2.3.0">
      <description>Event Link Controller</description>
      <originalPack>Renesas.RA.2.3.0.pack</originalPack>
    </component>
    <component apiversion="" class="HAL Drivers" condition="" group="all" subgroup="r_icu" variant="" vendor="Renesas" version="2.3.0">
      <description>External Interrupt</description>
      <originalPack>Renesas.RA.2.3.0.pack</originalPack>
    </component>
    <component apiversion="" class="HAL Drivers" condition="" group="all" subgroup="r_ioport" variant="" vendor="Renesas" version="2.3.0">
      <description>I/O Port</description>
      <originalPack>Renesas.RA.2.3.0.pack</originalPack>
    </component>
    <component apiversion="" class="HAL Drivers" condition="" group="all" subgroup="r_lpm" variant="" vendor="Renesas" version="2.3.0">
      <description>Low Power Modes</description>
      <originalPack>Renesas.RA.2.3.0.pack</originalPack>
    </component>
    <component apiversion="" class="HAL Drivers" condition="" group="all" subgroup="r_rtc" variant="" vendor="Renesas" version="2.3.0">
      <description>Real Time Clock</description>
      <originalPack>Renesas.RA.2.3.0.pack</originalPack>
    </component>
    <component apiversion="" class="HAL Drivers" condition="" group="all" subgroup="r_sci_uart" variant="" vendor="Renesas" version="2.3.0">
      <description>SCI UART</description>
      <originalPack>Renesas.RA.2.3.0.pack</originalPack>
    </component>
  </raComponentSelection>
  <raElcConfiguration>
    <eventConsumed event="event.doc.int" link="link.ioport1"/>
    <eventConsumed event="event.adc0.compare.match" link="link.ioport2"/>
  </raElcConfiguration>
  <raIcuConfiguration/>
  <raModuleConfiguration>
    <module id="module.driver.ioport_on_ioport.0">
      <property id="module.driver.ioport.name" value="g_ioport"/>
      <property id="module.driver.ioport.elc_trigger_ioport1" value="_disabled"/>
      <property id="module.driver.ioport.elc_trigger_ioport2" value="_disabled"/>
      <property id="module.driver.ioport.elc_trigger_ioport3" value="_disabled"/>
      <property id="module.driver.ioport.elc_trigger_ioport4" value="_disabled"/>
    </module>
    <module id="module.driver.lpm.2103864075">
      <property id="module.driver.lpm.name" value="g_lpm"/>
      <property id="module.driver.lpm.mode" value="module.driver.lpm.mode.standby_snooze"/>
      <property id="module.driver.lpm.output_port_enable_standby" value="module.driver.lpm.output_port_enable_standby.no_change"/>
      <property id="module.driver.lpm.standby_wake_sources" value="module.driver.lpm.standby_wake_irq3,module.driver.lpm.standby_wake_irq4,module.driver.lpm.standby_wake_rtcalm"/>
      <property id="module.driver.lpm.snooze_request" value="module.driver.lpm.snooze_request_agt1_underflow"/>
      <property id="module.driver.lpm.snooze_end_sources" value="module.driver.lpm.snooze_end_dtc_complete_negated"/>
      <property id="module.driver.lpm.snooze_dtc" value="module.driver.lpm.snooze_dtc.lpm_snooze_dtc_enable"/>
      <property id="module.driver.lpm.snooze_cancel_source" value="enum.mcu.lpm.snooze_cancel_source.none"/>
      <property id="module.driver.lpm.io_port_deep_standby_exit" value="module.driver.lpm.io_port_deep_standby_exit.no_change"/>
      <property id="module.driver.lpm.power_supply_deep_standby" value="module.driver.lpm.power_supply_deep_standby.deepcut0"/>
      <property id="module.driver.lpm.deep_standby_cancel_sources" value=""/>
      <property id="module.driver.lpm.deep_standby_cancel_edges" value=""/>
    </module>
    <module id="module.driver.adc_on_adc.503939391">
      <property id="module.driver.adc.name" value="g_adc0"/>
      <property id="module.driver.adc.unit" value="0"/>
      <property id="module.driver.adc.resolution" value="module.driver.adc.resolution.resolution_12_bit"/>
      <property id="module.driver.adc.alignment" value="module.driver.adc.alignment.alignment_right"/>
      <property id="module.driver.adc.clearing" value="module.driver.adc.clearing.clear_after_read_off"/>
      <property id="module.driver.adc.mode" value="module.driver.adc.mode.mode_single_scan"/>
      <property id="module.driver.adc.mode.dt" value="module.driver.adc.mode.dt.disabled"/>
      <property id="module.driver.adc.scan_mask" value="module.driver.adc.scan_mask.channel_0,module.driver.adc.scan_mask.channel_1"/>
      <property id="module.driver.adc.scan_mask_group_b" value=""/>
      <property id="module.driver.adc.trigger" value="_signal.event.lpm.snooze.request"/>
      <property id="module.driver.adc.trigger_group_b" value="_disabled"/>
      <property id="module.driver.adc.priority_group_a" value="module.driver.adc.priority_group_a.group_a_priority_off"/>
      <property id="module.driver.adc.add_average_count" value="module.driver.adc.add_average_count.add_off"/>
      <property id="module.driver.adc.adc_vref_control" value="module.driver.adc.adc_vref_control.vrefh"/>
      <property id="module.driver.adc.add_mask" value=""/>
      <property id="module.driver.adc.sample_hold_mask" value=""/>
      <property id="module.driver.adc.sample_hold_states" value="24"/>
      <property id="module.driver.adc.p_callback" value="adc_interrupt"/>
      <property id="module.driver.adc.scan_end_ipl" value="board.icu.common.irq.priority2"/>
      <property id="module.driver.adc.scan_end_b_ipl" value="_disabled"/>
    </module>
    <module id="module.driver.external_irq_on_icu.174516738">
      <property id="module.driver.external_irq.name" value="g_external_irq4_wakeup"/>
      <property id="module.driver.external_irq.channel" value="4"/>
      <property id="module.driver.external_irq.trigger" value="module.driver.external_irq.trigger.trig_rising"/>
      <property id="module.driver.external_irq.filter_enable" value="module.driver.external_irq.filter_enable.false"/>
      <property id="module.driver.external_irq.pclk_div" value="module.driver.external_irq.pclk_div.pclk_div_by_64"/>
      <property id="module.driver.external_irq.p_callback" value="irq_wakeup_interrupt"/>
      <property id="module.driver.external_irq.ipl" value="board.icu.common.irq.priority2"/>
    </module>
    <module id="module.driver.external_irq_on_icu.241692404">
      <property id="module.driver.external_irq.name" value="g_external_irq3_manual_lpm_cancel"/>
      <property id="module.driver.external_irq.channel" value="3"/>
      <property id="module.driver.external_irq.trigger" value="module.driver.external_irq.trigger.trig_rising"/>
      <property id="module.driver.external_irq.filter_enable" value="module.driver.external_irq.filter_enable.false"/>
      <property id="module.driver.external_irq.pclk_div" value="module.driver.external_irq.pclk_div.pclk_div_by_64"/>
      <property id="module.driver.external_irq.p_callback" value="irq_manual_lpm_cancel_interrupt"/>
      <property id="module.driver.external_irq.ipl" value="board.icu.common.irq.priority2"/>
    </module>
    <module id="module.driver.timer_on_agt.1619233159">
      <property id="module.driver.timer.name" value="g_agt_timer1"/>
      <property id="module.driver.timer.channel" value="1"/>
      <property id="module.driver.timer.mode" value="module.driver.timer.mode.mode_periodic"/>
      <property id="module.driver.timer.period" value="60"/>
      <property id="module.driver.timer.unit" value="module.driver.timer.unit.unit_period_sec"/>
      <property id="module.driver.timer.duty_cycle" value="50"/>
      <property id="module.driver.timer.count_source" value="module.driver.timer.count_source.clock_fsub"/>
      <property id="module.driver.timer.agtoa_output_enable" value="module.driver.timer.agtoa_output_enable.false"/>
      <property id="module.driver.timer.agtob_output_enable" value="module.driver.timer.agtob_output_enable.false"/>
      <property id="module.driver.timer.agto_output_enable" value="module.driver.timer.agto_output_enable.false"/>
      <property id="module.driver.timer.measurement_mode" value="module.driver.timer.measurement_mode.measure_disabled"/>
      <property id="module.driver.timer.agtio_filter" value="module.driver.timer.agtio_filter.agtio_filter_none"/>
      <property id="module.driver.timer.enable_pin" value="module.driver.timer.enable_pin.enable_pin_not_used"/>
      <property id="module.driver.timer.trigger_edge" value="module.driver.timer.trigger_edge.trigger_edge_rising"/>
      <property id="module.driver.timer.p_callback" value="NULL"/>
      <property id="module.driver.timer.ipl" value="_disabled"/>
    </module>
    <module id="module.driver.rtc_on_rtc.1040555789">
      <property id="module.driver.rtc.name" value="g_rtc"/>
      <property id="module.driver.rtc.clock_source" value="module.driver.rtc.clock_source.clock_source_subclk"/>
      <property id="module.driver.rtc.freq_cmpr_value_loco" value="255"/>
      <property id="module.driver.rtc.err_adjustment_mode" value="module.driver.rtc.err_adjustment_mode.m2"/>
      <property id="module.driver.rtc.err_adjustment_period" value="module.driver.rtc.err_adjustment_period.p1"/>
      <property id="module.driver.rtc.err_adjustment_type" value="module.driver.rtc.err_adjustment_type.t1"/>
      <property id="module.driver.rtc.err_adjustment_value" value="0"/>
      <property id="module.driver.rtc.p_callback" value="rtc_1h_interrupt"/>
      <property id="module.driver.rtc.alarm_ipl" value="board.icu.common.irq.priority2"/>
      <property id="module.driver.rtc.periodic_ipl" value="_disabled"/>
      <property id="module.driver.rtc.carry_ipl" value="board.icu.common.irq.priority2"/>
    </module>
    <module id="module.driver.transfer_on_dtc.674997464">
      <property id="module.driver.transfer.name" value="not_used_transfer"/>
      <property id="module.driver.transfer.mode" value="module.driver.transfer.mode.mode_normal"/>
      <property id="module.driver.transfer.size" value="module.driver.transfer.size.size_2_byte"/>
      <property id="module.driver.transfer.dest_addr_mode" value="module.driver.transfer.dest_addr_mode.addr_mode_fixed"/>
      <property id="module.driver.transfer.src_addr_mode" value="module.driver.transfer.src_addr_mode.addr_mode_fixed"/>
      <property id="module.driver.transfer.repeat_area" value="module.driver.transfer.repeat_area.repeat_area_source"/>
      <property id="module.driver.transfer.interrupt" value="module.driver.transfer.interrupt.interrupt_end"/>
      <property id="module.driver.transfer.length" value="0"/>
      <property id="module.driver.transfer.num_blocks" value="0"/>
      <property id="module.driver.transfer.activation_source" value="_interrupt.event.adc0.scan.end"/>
    </module>
    <module id="module.driver.uart_on_sci_uart.163601138">
      <property id="module.driver.uart.name" value="g_sci_uart0"/>
      <property id="module.driver.uart.channel" value="0"/>
      <property id="module.driver.uart.data_bits" value="module.driver.uart.data_bits.data_bits_8"/>
      <property id="module.driver.uart.parity" value="module.driver.uart.parity.parity_off"/>
      <property id="module.driver.uart.stop_bits" value="module.driver.uart.stop_bits.stop_bits_1"/>
      <property id="module.driver.uart.baud" value="115200"/>
      <property id="module.driver.uart.baudrate_modulation" value="module.driver.uart.baudrate_modulation.disabled"/>
      <property id="module.driver.uart.baudrate_max_err" value="5"/>
      <property id="module.driver.uart.ctsrts_en" value="module.driver.uart.ctsrts_en.false"/>
      <property id="module.driver.uart.uart_comm_mode" value="module.driver.uart.uart_comm_mode.uart_rs232_mode"/>
      <property id="module.driver.uart.pin_control" value="module.driver.uart.pin_control.false"/>
      <property id="module.driver.uart.pin_control_port" value="module.driver.uart.pin_control_port.PORT_DISABLE"/>
      <property id="module.driver.uart.pin_control_pin" value="module.driver.uart.pin_control_pin.PIN_DISABLE"/>
      <property id="module.driver.uart.clk_src" value="module.driver.uart.clk_src.int_clk"/>
      <property id="module.driver.uart.rx_edge_start" value="module.driver.uart.rx_edge_start.falling_edge"/>
      <property id="module.driver.uart.noisecancel_en" value="module.driver.uart.noisecancel_en.disabled"/>
      <property id="module.driver.uart.rx_fifo_trigger" value="module.driver.uart.rx_fifo_trigger.max"/>
      <property id="module.driver.uart.callback" value="sci_uart_interrupt"/>
      <property id="module.driver.uart.rxi_ipl" value="board.icu.common.irq.priority2"/>
      <property id="module.driver.uart.txi_ipl" value="board.icu.common.irq.priority2"/>
      <property id="module.driver.uart.tei_ipl" value="board.icu.common.irq.priority2"/>
      <property id="module.driver.uart.eri_ipl" value="board.icu.common.irq.priority2"/>
    </module>
    <module id="module.driver.doc_on_doc.1611407952">
      <property id="module.driver.doc.name" value="g_doc"/>
      <property id="module.driver.doc.doc_event.event" value="module.driver.doc.doc_event.subtraction"/>
      <property id="module.driver.doc.doc_data_setting_register_value" value="0"/>
      <property id="module.driver.doc.p_callback" value="doc_interrupt"/>
      <property id="module.driver.doc.ipl" value="board.icu.common.irq.priority2"/>
    </module>
    <module id="module.driver.elc_on_elc.452456856">
      <property id="module.driver.elc.name" value="g_elc"/>
    </module>
    <context id="_hal.0">
      <stack module="module.driver.ioport_on_ioport.0"/>
      <stack module="module.driver.lpm.2103864075"/>
      <stack module="module.driver.adc_on_adc.503939391"/>
      <stack module="module.driver.external_irq_on_icu.174516738"/>
      <stack module="module.driver.external_irq_on_icu.241692404"/>
      <stack module="module.driver.timer_on_agt.1619233159"/>
      <stack module="module.driver.rtc_on_rtc.1040555789"/>
      <stack module="module.driver.transfer_on_dtc.674997464"/>
      <stack module="module.driver.uart_on_sci_uart.163601138"/>
      <stack module="module.driver.doc_on_doc.1611407952"/>
      <stack module="module.driver.elc_on_elc.452456856"/>
    </context>
    <config id="config.driver.lpm">
      <property id="config.driver.lpm.param_checking_enable" value="config.driver.lpm.param_checking_enable.bsp"/>
    </config>
    <config id="config.driver.ioport">
      <property id="config.driver.ioport.checking" value="config.driver.ioport.checking.system"/>
    </config>
    <config id="config.driver.adc">
      <property id="config.driver.adc.param_checking_enable" value="config.driver.adc.param_checking_enable.bsp"/>
    </config>
    <config id="config.driver.sci_uart">
      <property id="config.driver.sci_uart.param_checking_enable" value="config.driver.sci_uart.param_checking_enable.bsp"/>
      <property id="config.driver.sci_uart.fifo_support" value="config.driver.sci_uart.fifo_support.disabled"/>
      <property id="config.driver.sci_uart.dtc_support" value="config.driver.sci_uart.dtc_support.disabled"/>
      <property id="config.driver.sci_uart.flow_control" value="config.driver.sci_uart.flow_control.disabled"/>
    </config>
    <config id="config.driver.icu">
      <property id="config.driver.icu.param_checking_enable" value="config.driver.icu.param_checking_enable.bsp"/>
    </config>
    <config id="config.driver.rtc">
      <property id="config.driver.rtc.param_checking_enable" value="config.driver.rtc.param_checking_enable.bsp"/>
    </config>
    <config id="config.driver.elc">
      <property id="config.driver.elc.checking" value="config.driver.elc.checking.system"/>
    </config>
    <config id="config.driver.agt">
      <property id="config.driver.agt.param_checking_enable" value="config.driver.agt.param_checking_enable.bsp"/>
      <property id="config.driver.agt.output_support_enable" value="config.driver.agt.output_support_enable.disabled"/>
      <property id="config.driver.agt.input_support_enable" value="config.driver.agt.input_support_enable.disabled"/>
    </config>
    <config id="config.driver.doc">
      <property id="config.driver.doc.param_checking_enable" value="config.doc.param_checking_enable.bsp"/>
    </config>
    <config id="config.driver.dtc">
      <property id="config.driver.dtc.param_checking_enable" value="config.driver.dtc.param_checking_enable.bsp"/>
      <property id="config.driver.dtc.vector_table" value=".fsp_dtc_vector_table"/>
    </config>
  </raModuleConfiguration>
  <raPinConfiguration>
    <symbolicName propertyId="p000.symbolic_name" value="ARDUINO_A0_MIKROBUS_AN"/>
    <symbolicName propertyId="p001.symbolic_name" value="ARDUINO_A1"/>
    <symbolicName propertyId="p002.symbolic_name" value="ARDUINO_A2"/>
    <symbolicName propertyId="p003.symbolic_name" value="ARDUINO_A3"/>
    <symbolicName propertyId="p004.symbolic_name" value="USER_SW1"/>
    <symbolicName propertyId="p012.symbolic_name" value="ARDUINO_A4"/>
    <symbolicName propertyId="p013.symbolic_name" value="ARDUINO_A5"/>
    <symbolicName propertyId="p015.symbolic_name" value="USER_SW2"/>
    <symbolicName propertyId="p100.symbolic_name" value="ARDUINO_MISO_MIKROBUS_MISO_PMOD1_MISO"/>
    <symbolicName propertyId="p101.symbolic_name" value="ARDUINO_MOSI_MIKROBUS_MOSI_PMOD1_MOSI"/>
    <symbolicName propertyId="p102.symbolic_name" value="ARDUINO_CLK_MIKROBUS_CLK_PMOD1_CLK"/>
    <symbolicName propertyId="p103.symbolic_name" value="ARDUINO_SS_MIKROBUS_SS_PMOD1_SS"/>
    <symbolicName propertyId="p104.symbolic_name" value="ARDUINO_D3"/>
    <symbolicName propertyId="p105.symbolic_name" value="PMOD1_IO1"/>
    <symbolicName propertyId="p106.symbolic_name" value="PMOD1_IO2"/>
    <symbolicName propertyId="p107.symbolic_name" value="ARDUINO_D4"/>
    <symbolicName propertyId="p109.symbolic_name" value="ARDUINO_D8"/>
    <symbolicName propertyId="p110.symbolic_name" value="ARDUINO_D2_MIKROBUS_INT"/>
    <symbolicName propertyId="p111.symbolic_name" value="MIKROBUS_PWM"/>
    <symbolicName propertyId="p112.symbolic_name" value="ARDUINO_D9"/>
    <symbolicName propertyId="p113.symbolic_name" value="ARDUINO_D7"/>
    <symbolicName propertyId="p205.symbolic_name" value="ARDUINO_TX_MIKROBUS_TX"/>
    <symbolicName propertyId="p206.symbolic_name" value="ARDUINO_RX_MIKROBUS_RX"/>
    <symbolicName propertyId="p207.symbolic_name" value="ARDUINO_RESET_MIKROBUS_RST"/>
    <symbolicName propertyId="p208.symbolic_name" value="PMOD1_RST"/>
    <symbolicName propertyId="p301.symbolic_name" value="GROVE1_SCL_QWIIC_SCL"/>
    <symbolicName propertyId="p302.symbolic_name" value="GROVE1_SDA_QWIIC_SDA"/>
    <symbolicName propertyId="p303.symbolic_name" value="PMOD2_RST"/>
    <symbolicName propertyId="p304.symbolic_name" value="PMOD2_IO2"/>
    <symbolicName propertyId="p400.symbolic_name" value="PMOD2_SCK"/>
    <symbolicName propertyId="p401.symbolic_name" value="PMOD2_TXD"/>
    <symbolicName propertyId="p402.symbolic_name" value="PMOD2_RXD"/>
    <symbolicName propertyId="p403.symbolic_name" value="PMOD2_CTS"/>
    <symbolicName propertyId="p407.symbolic_name" value="ARDUINO_SDA_MIKROBUS_SDA"/>
    <symbolicName propertyId="p408.symbolic_name" value="ARDUINO_SCL_MIKROBUS_SCL"/>
    <symbolicName propertyId="p409.symbolic_name" value="PMOD2_INT"/>
    <symbolicName propertyId="p410.symbolic_name" value="PMOD2_CS2"/>
    <symbolicName propertyId="p411.symbolic_name" value="PMOD1_INT"/>
    <symbolicName propertyId="p500.symbolic_name" value="ARDUINO_D6"/>
    <symbolicName propertyId="p501.symbolic_name" value="GROVE2_SDA"/>
    <symbolicName propertyId="p502.symbolic_name" value="GROVE2_SCL"/>
    <symbolicName propertyId="p913.symbolic_name" value="USER_LED3"/>
    <symbolicName propertyId="p914.symbolic_name" value="USER_LED2"/>
    <symbolicName propertyId="p915.symbolic_name" value="USER_LED1"/>
    <pincfg active="true" name="RA2E1 EK" selected="true" symbol="g_bsp_pin_cfg">
      <configSetting altId="adc0.an00.p000" configurationId="adc0.an00"/>
      <configSetting altId="adc0.an01.p001" configurationId="adc0.an01"/>
      <configSetting altId="adc0.mode.custom" configurationId="adc0.mode"/>
      <configSetting altId="cgc0.clkout.p109" configurationId="cgc0.clkout"/>
      <configSetting altId="cgc0.mode.custom" configurationId="cgc0.mode"/>
      <configSetting altId="debug0.mode.swd" configurationId="debug0.mode"/>
      <configSetting altId="debug0.swclk.p300" configurationId="debug0.swclk"/>
      <configSetting altId="debug0.swdio.p108" configurationId="debug0.swdio"/>
      <configSetting altId="iic0.pairing.free" configurationId="iic0.pairing"/>
      <configSetting altId="irq0.irq03.p004" configurationId="irq0.irq03"/>
      <configSetting altId="irq0.irq04.p411" configurationId="irq0.irq04"/>
      <configSetting altId="irq0.mode.enabled" configurationId="irq0.mode"/>
      <configSetting altId="p000.asel" configurationId="p000"/>
      <configSetting altId="p000.gpio_mode.gpio_mode_an" configurationId="p000.gpio_mode"/>
      <configSetting altId="p001.asel" configurationId="p001"/>
      <configSetting altId="p001.gpio_mode.gpio_mode_an" configurationId="p001.gpio_mode"/>
      <configSetting altId="p004.irq0.irq03" configurationId="p004"/>
      <configSetting altId="p004.gpio_irq.gpio_irq_enabled" configurationId="p004.gpio_irq"/>
      <configSetting altId="p004.gpio_mode.gpio_mode_irq" configurationId="p004.gpio_mode"/>
      <configSetting altId="p100.sci0.rxd" configurationId="p100"/>
      <configSetting altId="p100.gpio_mode.gpio_mode_peripheral" configurationId="p100.gpio_mode"/>
      <configSetting altId="p101.sci0.txd" configurationId="p101"/>
      <configSetting altId="p101.gpio_mode.gpio_mode_peripheral" configurationId="p101.gpio_mode"/>
      <configSetting altId="p105.output.low" configurationId="p105"/>
      <configSetting altId="p105.gpio_mode.gpio_mode_out.low" configurationId="p105.gpio_mode"/>
      <configSetting altId="p106.output.low" configurationId="p106"/>
      <configSetting altId="p106.gpio_mode.gpio_mode_out.low" configurationId="p106.gpio_mode"/>
      <configSetting altId="p108.debug0.swdio" configurationId="p108"/>
      <configSetting altId="p108.gpio_mode.gpio_mode_peripheral" configurationId="p108.gpio_mode"/>
      <configSetting altId="p109.cgc0.clkout" configurationId="p109"/>
      <configSetting altId="p109.gpio_mode.gpio_mode_peripheral" configurationId="p109.gpio_mode"/>
      <configSetting altId="p208.output.low" configurationId="p208"/>
      <configSetting altId="p208.gpio_speed.gpio_speed_medium" configurationId="p208.gpio_drivecapacity"/>
      <configSetting altId="p208.gpio_mode.gpio_mode_out.low" configurationId="p208.gpio_mode"/>
      <configSetting altId="p300.debug0.swclk" configurationId="p300"/>
      <configSetting altId="p300.gpio_mode.gpio_mode_peripheral" configurationId="p300.gpio_mode"/>
      <configSetting altId="p411.irq0.irq04" configurationId="p411"/>
      <configSetting altId="p411.gpio_irq.gpio_irq_enabled" configurationId="p411.gpio_irq"/>
      <configSetting altId="p411.gpio_mode.gpio_mode_irq" configurationId="p411.gpio_mode"/>
      <configSetting altId="p913.output.low" configurationId="p913"/>
      <configSetting altId="p913.gpio_speed.gpio_speed_medium" configurationId="p913.gpio_drivecapacity"/>
      <configSetting altId="p913.gpio_mode.gpio_mode_out.low" configurationId="p913.gpio_mode"/>
      <configSetting altId="p914.output.low" configurationId="p914"/>
      <configSetting altId="p914.gpio_speed.gpio_speed_medium" configurationId="p914.gpio_drivecapacity"/>
      <configSetting altId="p914.gpio_mode.gpio_mode_out.low" configurationId="p914.gpio_mode"/>
      <configSetting altId="p915.output.low" configurationId="p915"/>
      <configSetting altId="p915.gpio_speed.gpio_speed_medium" configurationId="p915.gpio_drivecapacity"/>
      <configSetting altId="p915.gpio_mode.gpio_mode_out.low" configurationId="p915.gpio_mode"/>
      <configSetting altId="sci0.mode.asynchronous.free" configurationId="sci0.mode"/>
      <configSetting altId="sci0.rxd.p100" configurationId="sci0.rxd"/>
      <configSetting altId="sci0.txd.p101" configurationId="sci0.txd"/>
      <configSetting altId="spi0.pairing.free" configurationId="spi0.pairing"/>
    </pincfg>
    <pincfg active="false" name="R7FA2E1A92DFM.pincfg" selected="false" symbol="">
      <configSetting altId="debug0.mode.swd" configurationId="debug0.mode"/>
      <configSetting altId="debug0.swclk.p300" configurationId="debug0.swclk"/>
      <configSetting altId="debug0.swdio.p108" configurationId="debug0.swdio"/>
      <configSetting altId="p108.debug0.swdio" configurationId="p108"/>
      <configSetting altId="p108.gpio_mode.gpio_mode_peripheral" configurationId="p108.gpio_mode"/>
      <configSetting altId="p300.debug0.swclk" configurationId="p300"/>
      <configSetting altId="p300.gpio_mode.gpio_mode_peripheral" configurationId="p300.gpio_mode"/>
    </pincfg>
  </raPinConfiguration>
</raConfiguration>
